Base Currency,Target Currency,Amount,Result
GBP,EUR,100.0,118.90240000000001
INR,CNY,65.0,5.462079999999999
CAD,EUR,109.0,72.42483200000001
NZD,CHF,735.0,380.25960000000003
